NAME,ADDR,RENT_COST,BEDROOMS,BATHROOMS,APT_NUM,SQFT

Apartments at Brunswick Landing (1),"['5 Captains Way', 'Brunswick', '04011']",1995,1.0,1.0,26-104,738

Apartments at Brunswick Landing (2),"['5 Captains Way', 'Brunswick', '04011']",2350,2.0,1.0,30-203,907

Apartments at Brunswick Landing (3),"['5 Captains Way', 'Brunswick', '04011']",2350,2.0,1.0,15-201,907

Apartments at Brunswick Landing (4),"['5 Captains Way', 'Brunswick', '04011']",2350,2.0,1.0,42-303,907

Apartments at Brunswick Landing (5),"['5 Captains Way', 'Brunswick', '04011']",2350,2.0,1.0,26-203,907

Apartments at Brunswick Landing (6),"['5 Captains Way', 'Brunswick', '04011']",2350,2.0,1.0,201,907

Apartments at Brunswick Landing (7),"['5 Captains Way', 'Brunswick', '04011']",2350,2.0,1.0,15-303,907

Apartments at Brunswick Landing (8),"['5 Captains Way', 'Brunswick', '04011']",2350,2.0,1.0,14-201,907

Apartments at Brunswick Landing (9),"['5 Captains Way', 'Brunswick', '04011']",2350,2.0,1.0,18-203,907

Apartments at Brunswick Landing (10),"['5 Captains Way', 'Brunswick', '04011']",2350,2.0,1.0,15-301,907

Apartments at Brunswick Landing (11),"['5 Captains Way', 'Brunswick', '04011']",2350,2.0,1.0,18-101,907

Apartments at Brunswick Landing (12),"['5 Captains Way', 'Brunswick', '04011']",2350,2.0,1.0,26-303,907

Liberty Commons (1),"['4 Liberty Ln', 'South Portland', '04106']",2105,1.0,1.0,1-116,810

Liberty Commons (2),"['4 Liberty Ln', 'South Portland', '04106']",2105,1.0,1.0,1-098,810

Liberty Commons (3),"['4 Liberty Ln', 'South Portland', '04106']",2130,1.0,1.0,1-110,810

Liberty Commons (4),"['4 Liberty Ln', 'South Portland', '04106']",2185,1.0,1.0,1-120,810

Liberty Commons (5),"['4 Liberty Ln', 'South Portland', '04106']",2225,1.0,1.0,1-117,810

Liberty Commons (6),"['4 Liberty Ln', 'South Portland', '04106']",2354,2.0,1.5,1-118,990

Liberty Commons (7),"['4 Liberty Ln', 'South Portland', '04106']",2569,2.0,2.0,1-078,1240

Liberty Commons (8),"['4 Liberty Ln', 'South Portland', '04106']",2594,2.0,2.0,1-021,1240

Liberty Commons (9),"['4 Liberty Ln', 'South Portland', '04106']",3045,3.0,2.0,1-079,1360

Liberty Commons (10),"['4 Liberty Ln', 'South Portland', '04106']",3090,3.0,2.0,1-083,1360

Lofts on the Levee (1),"['1 Upper Falls Rd', 'Biddeford', '04005']",1900,1.0,1.0,628,615

Lofts on the Levee (2),"['1 Upper Falls Rd', 'Biddeford', '04005']",2195,1.0,1.0,519,614

Lofts on the Levee (3),"['1 Upper Falls Rd', 'Biddeford', '04005']",2225,1.0,1.0,504,878

Lofts on the Levee (4),"['1 Upper Falls Rd', 'Biddeford', '04005']",2225,1.0,1.0,516,871

Lofts on the Levee (5),"['1 Upper Falls Rd', 'Biddeford', '04005']",2295,1.0,1.0,510,824

Lofts on the Levee (6),"['1 Upper Falls Rd', 'Biddeford', '04005']",2395,1.0,1.0,501,867

Lofts on the Levee (7),"['1 Upper Falls Rd', 'Biddeford', '04005']",2395,1.0,1.0,611,867

Lofts on the Levee (8),"['1 Upper Falls Rd', 'Biddeford', '04005']",2395,1.0,1.0,605,867

Lofts on the Levee (9),"['1 Upper Falls Rd', 'Biddeford', '04005']",2895,2.0,2.0,324,1037

Lofts on the Levee (10),"['1 Upper Falls Rd', 'Biddeford', '04005']",2995,2.0,2.0,402,1302

Lofts on the Levee (11),"['1 Upper Falls Rd', 'Biddeford', '04005']",3195,2.0,2.0,413,1215

The Eddy (1),"['8 Eddy Ave', 'Biddeford', '04005']",1915,0,1.0,0,473

The Eddy (2),"['8 Eddy Ave', 'Biddeford', '04005']",1925,0,1.0,0,475

The Eddy (3),"['8 Eddy Ave', 'Biddeford', '04005']",1985,0,1.0,0,474

The Eddy (4),"['8 Eddy Ave', 'Biddeford', '04005']",2195,1.0,1.0,0,681

The Eddy (5),"['8 Eddy Ave', 'Biddeford', '04005']",2465,1.0,1.0,0,681

Orchard Park Apartments (1),"['21 Crestwood Dr', 'Waterville', '04901']",1500,2.0,1.0,0,850

Riverdam (1),"['24-28 Pearl St', 'Biddeford', '04005']",1875,1.0,1.0,202,708

Riverdam (2),"['24-28 Pearl St', 'Biddeford', '04005']",2095,1.0,1.0,214,725

Riverdam (3),"['24-28 Pearl St', 'Biddeford', '04005']",2195,1.0,1.0,113,811

Riverdam (4),"['24-28 Pearl St', 'Biddeford', '04005']",2255,1.0,1.0,121,821

Riverdam (5),"['24-28 Pearl St', 'Biddeford', '04005']",2295,1.0,1.0,107,837

Riverdam (6),"['24-28 Pearl St', 'Biddeford', '04005']",2395,1.0,1.5,301,741

Riverdam (7),"['24-28 Pearl St', 'Biddeford', '04005']",2495,1.0,1.0,305,1072

Summit Terrace (1),"['111 Summit Ter', 'South Portland', '04106']",2359,2.0,1.0,21,950

Summit Terrace (2),"['111 Summit Ter', 'South Portland', '04106']",2450,2.0,1.0,28,900

Summit Terrace (3),"['111 Summit Ter', 'South Portland', '04106']",2461,2.0,1.0,38,950

Summit Terrace (4),"['111 Summit Ter', 'South Portland', '04106']",2462,2.0,1.0,12,950

Summit Terrace (5),"['111 Summit Ter', 'South Portland', '04106']",2468,2.0,1.0,16,900

Summit Terrace (6),"['111 Summit Ter', 'South Portland', '04106']",2494,2.0,1.0,84,950

Summit Terrace (7),"['111 Summit Ter', 'South Portland', '04106']",2515,2.0,1.0,70,950

Summit Terrace (8),"['111 Summit Ter', 'South Portland', '04106']",2528,2.0,1.0,59,950

Summit Terrace (9),"['111 Summit Ter', 'South Portland', '04106']",2529,2.0,1.0,42,950

Southwood Court Townhome Community (1),"['24 State St', 'Biddeford', '04005']",2200,2.0,1.5,25,1200

Cumberland Court (1),"['323 Husson Ave', 'Bangor', '04401']",1500,2.0,1.5,26,1302

Cumberland Court (2),"['323 Husson Ave', 'Bangor', '04401']",1650,2.0,1.5,19,1302

5 Brisson (1),"['5 Brisson St', 'Old Orchard Beach', '04064']",1795,1.0,1.0,14,320

Edgelawn Duplexes (1),"['1-6 Edgelawn Rd', 'Harrington', '04643']",100,1.0,1.0,0,0

Jonesboro Heights (1),"['1 Bagley Rd', 'Jonesboro', '04648']",100,1.0,1.0,0,0

Mill Stream Heights (1),"['20 Hillcrest Dr', 'Winter Harbor', '04693']",100,1.0,1.0,0,0

Mill Stream Heights (2),"['20 Hillcrest Dr', 'Winter Harbor', '04693']",100,2.0,1.0,0,0

The Exchange Building (1),"['27 State St', 'Bangor', '04401']",2250,1.0,1.0,604,758

The Exchange Building (2),"['27 State St', 'Bangor', '04401']",2250,1.0,1.0,202,700

The Exchange Building (3),"['27 State St', 'Bangor', '04401']",2550,1.0,1.0,203,756

Nightingale (1),"['144 State St', 'Portland', '04101']",1947,0,1.0,315,366

Nightingale (2),"['144 State St', 'Portland', '04101']",2272,1.0,1.0,413,541

Nightingale (3),"['144 State St', 'Portland', '04101']",2272,1.0,1.0,301,475

Nightingale (4),"['144 State St', 'Portland', '04101']",2272,1.0,1.0,414,453

Nightingale (5),"['144 State St', 'Portland', '04101']",2514,1.0,1.0,410,645

Nightingale (6),"['144 State St', 'Portland', '04101']",2521,1.0,1.0,408,620

Nightingale (7),"['144 State St', 'Portland', '04101']",2633,1.0,1.0,407,617

Nightingale (8),"['144 State St', 'Portland', '04101']",2719,1.0,1.0,411,661

Nightingale (9),"['144 State St', 'Portland', '04101']",2741,1.0,1.0,608,620

Lakeshore Apartments (Flagstaff) (1),"['42 Old Dead River Rd', 'Stratton', '04982']",100,1.0,1.0,0,0

Lakeshore Apartments (Flagstaff) (2),"['42 Old Dead River Rd', 'Stratton', '04982']",100,2.0,1.0,0,0

439 Congress Street (1),"['439 Congress St', 'Portland', '04101']",1266,0,1.0,316,440

439 Congress Street (2),"['439 Congress St', 'Portland', '04101']",1541,0,1.0,214,258

439 Congress Street (3),"['439 Congress St', 'Portland', '04101']",1793,1.0,1.0,308,576

The Pilgrim (1),"['30 West St', 'Portland', '04102']",1650,1.0,1.0,5,450

The Pilgrim (2),"['30 West St', 'Portland', '04102']",1650,1.0,1.0,6,450

104 Oak St (1),"['104 Oak St', 'Portland', '04101']",1275,1.0,1.0,41,450

104 Oak St (2),"['104 Oak St', 'Portland', '04101']",1500,1.0,1.0,1,400

341 Cumberland Avenue (1),"['341 Cumberland Ave', 'Portland', '04101']",1606,1.0,1.0,1C,367

341 Cumberland Avenue (2),"['341 Cumberland Ave', 'Portland', '04101']",1663,1.0,1.0,14,519

Yarmouth Pointe Apartment Homes (1),"['1 Juniper Dr', 'Yarmouth', '04096']",1630,0,1.0,L013,602

Yarmouth Pointe Apartment Homes (2),"['1 Juniper Dr', 'Yarmouth', '04096']",1685,1.0,1.0,4601,630

Yarmouth Pointe Apartment Homes (3),"['1 Juniper Dr', 'Yarmouth', '04096']",1710,2.0,1.0,4802,850

Yarmouth Pointe Apartment Homes (4),"['1 Juniper Dr', 'Yarmouth', '04096']",1725,0,1.0,L047,602

Yarmouth Pointe Apartment Homes (5),"['1 Juniper Dr', 'Yarmouth', '04096']",1725,0,1.0,L055,602

Yarmouth Pointe Apartment Homes (6),"['1 Juniper Dr', 'Yarmouth', '04096']",1725,0,1.0,L009,602

Yarmouth Pointe Apartment Homes (7),"['1 Juniper Dr', 'Yarmouth', '04096']",1750,0,1.0,L043,602

Yarmouth Pointe Apartment Homes (8),"['1 Juniper Dr', 'Yarmouth', '04096']",1765,2.0,1.0,A003,735

Yarmouth Pointe Apartment Homes (9),"['1 Juniper Dr', 'Yarmouth', '04096']",1775,0,1.0,L025,602

Yarmouth Pointe Apartment Homes (10),"['1 Juniper Dr', 'Yarmouth', '04096']",1775,1.0,1.0,4204,630

Yarmouth Pointe Apartment Homes (11),"['1 Juniper Dr', 'Yarmouth', '04096']",1825,1.0,1.0,4224,750

Yarmouth Pointe Apartment Homes (12),"['1 Juniper Dr', 'Yarmouth', '04096']",1855,1.0,1.0,N11,600

Yarmouth Pointe Apartment Homes (13),"['1 Juniper Dr', 'Yarmouth', '04096']",1865,2.0,1.0,B009,920

Yarmouth Pointe Apartment Homes (14),"['1 Juniper Dr', 'Yarmouth', '04096']",1905,2.0,1.0,4821,850

Yarmouth Pointe Apartment Homes (15),"['1 Juniper Dr', 'Yarmouth', '04096']",1945,1.0,1.0,L046,830

1117 Bar Harbor Road - 8 (1),"['1117 Bar Harbor Rd', 'Trenton', '04605']",1200,2.0,1.0,8,0

38 Veranda St #2,"['38 Veranda St #2', 'Portland', '04103']",1600,1.0,1.0,0,400

261 State St #6,"['261 State St #6', 'Portland', '04101']",1725,1.0,1.0,0,750

5 Boothbay Rd #15,"['5 Boothbay Rd #15', 'Edgecomb', '04556']",2700,3.0,2.0,0,1600

10 Colby Way - C (1),"['10 Colby Way', 'Ellsworth', '04605']",1695,2.0,1.0,0,0

398 Old County Rd #1,"['398 Old County Rd #1', 'Hampden', '04444']",1650,2.0,1.0,0,1100

3 Sweet Dr #1,"['3 Sweet Dr #1', 'Plymouth', '04969']",1800,3.0,1.0,0,1800

826 State St APT 5,"['826 State St APT 5', 'Bangor', '04401']",1625,2.0,1.0,0,1000

1-67 Elm St #1,"['1-67 Elm St #1', 'South Portland', '04106']",2950,2.0,1.0,0,1200

111 Bradley St APT 16,"['111 Bradley St APT 16', 'Saco', '04072']",2375,2.0,1.0,0,1214

84 Oak St,"['84 Oak St', 'Alfred', '04002']",2400,4.0,1.0,0,1628

41 Thornton Ave,"['41 Thornton Ave', 'Saco', '04072']",1400,1.0,1.0,0,350

10 Kendall Ln #1,"['10 Kendall Ln #1', 'Freeport', '04032']",1600,,1.0,0,700

3 Pond Rd #A,"['3 Pond Rd #A', 'Newcastle', '04553']",3700,3.0,2.0,0,2280

42 Bridge St #A,"['42 Bridge St #A', 'Topsham', '04086']",1900,2.0,1.0,0,1250

33 Elmwood St,"['33 Elmwood St', 'Portland', '04103']",2300,2.0,1.0,0,1000

(Undisclosed Address),"['(Undisclosed Address)', 'Bremen', '04551']",2800,3.0,2.0,0,2200

147 Pleasant Ave (1),"['147 Pleasant Ave', 'Portland', '04103']",2100,1.0,1.0,4,610

147 Pleasant Ave (2),"['147 Pleasant Ave', 'Portland', '04103']",2950,2.0,2.0,1,1160

33 George St #201,"['33 George St #201', 'Biddeford', '04005']",1950,3.0,1.0,0,975

628 Roosevelt Trl,"['628 Roosevelt Trl', 'Windham', '04062']",2550,3.0,2.0,0,1232

1 E Grand Ave (1),"['1 E Grand Ave', 'Old Orchard Beach', '04064']",2200,3.0,2.0,511,1460

1 E Grand Ave (2),"['1 E Grand Ave', 'Old Orchard Beach', '04064']",2300,2.0,2.0,301,1300

1 E Grand Ave (3),"['1 E Grand Ave', 'Old Orchard Beach', '04064']",2300,3.0,2.0,304,1648

67 & B Pembroke Dr #15-1,"['67 & B Pembroke Dr #15-1', 'Old Town', '04468']",1700,2.0,1.0,0,1080

45 Maggie Ln #43,"['45 Maggie Ln #43', 'Portland', '04103']",2675,2.0,1.0,0,1100

(Undisclosed Address),"['(Undisclosed Address)', 'Madawaska', '04756']",850,1.0,1.0,0,600

72 Main St,"['72 Main St', 'South Berwick', '03908']",2500,3.0,1.0,0,1600

94 Graham St APT 301,"['94 Graham St APT 301', 'Biddeford', '04005']",2300,4.0,2.0,0,1300

49 Park St (1),"['49 Park St', 'Camden', '04843']",1975,1.0,1.0,3,900

49 Park St (2),"['49 Park St', 'Camden', '04843']",2100,2.0,1.0,5,1200

71 Atlantic Ave,"['71 Atlantic Ave', 'Old Orchard Beach', '04064']",1980,2.0,1.0,0,1313

185 Middle Rd,"['185 Middle Rd', 'Falmouth', '04105']",3500,4.0,2.0,0,1880

15 Windsor Ave,"['15 Windsor Ave', 'Augusta', '04330']",2100,3.0,1.0,0,960

34-36-38 Water St #1,"['34-36-38 Water St #1', 'Eastport', '04631']",1500,,1.0,0,650

3 Grant St #2,"['3 Grant St #2', 'Portland', '04101']",2400,1.0,1.0,0,1000

16 Orange St #1,"['16 Orange St #1', 'Lewiston', '04240']",1900,2.0,1.0,0,1140

38 Depot Rd,"['38 Depot Rd', 'Gray', '04039']",1600,1.0,1.0,0,800

402-404 Hammond St (1),"['402-404 Hammond St', 'Bangor', '04401']",975,1.0,1.0,3,0

402-404 Hammond St (2),"['402-404 Hammond St', 'Bangor', '04401']",1300,2.0,1.0,4,700

19 Sky Harbor Dr,"['19 Sky Harbor Dr', 'Biddeford', '04005']",4300,5.0,1.0,0,2950

87 High St,"['87 High St', 'Saco', '04072']",1400,1.0,1.0,0,0

"27-27 1/2 Laurel Avenue, Auburn, ME - 1/2 (1)","['27 Laurel Ave', 'Auburn', '04210']",1375,2.0,1.0,0,0

113 N Lancey St (1),"['113 N Lancey St', 'Pittsfield', '04967']",390,0,0.0,0,160

113 N Lancey St (2),"['113 N Lancey St', 'Pittsfield', '04967']",840,0,0.0,0,500

113 N Lancey St (3),"['113 N Lancey St', 'Pittsfield', '04967']",1550,1.0,1.0,0,0

37 Vesper St,"['37 Vesper St', 'Scarborough', '04074']",2200,2.0,2.0,0,1700

74 Sweet Fern Dr,"['74 Sweet Fern Dr', 'Greenbush', '04418']",1050,2.0,1.0,0,0

11 Butler Street - C (1),"['11 Butler St', 'Springvale', '04083']",1675,2.0,1.0,0,795

82 Westview Rd,"['82 Westview Rd', 'Damariscotta', '04543']",3300,3.0,3.0,0,2850

71 Overlook Rd (1),"['71 Overlook Rd', 'Windham', '04062']",2200,1.0,1.0,ADU,0

71 Overlook Rd (2),"['71 Overlook Rd', 'Windham', '04062']",2300,1.0,1.0,2,488

808 Stevens Ave #2,"['808 Stevens Ave #2', 'Portland', '04103']",2100,2.0,1.0,0,1500

8 Summer St #3,"['8 Summer St #3', 'Kennebunk', '04043']",1750,1.0,1.0,0,0

11 Neptune Dr,"['11 Neptune Dr', 'Brunswick', '04011']",3500,4.0,3.0,0,2250

17 Pheasant (1),"['17 Pheasant Dr', 'Chelsea', '04330']",2295,3.0,2.0,2,1750

32 Village Green Dr,"['32 Village Green Dr', 'Ogunquit', '03907']",2500,1.0,1.0,0,660

9 Kennard Rd,"['9 Kennard Rd', 'Windham', '04062']",1999,2.0,1.0,0,1292

204 Pool St #202,"['204 Pool St #202', 'Biddeford', '04005']",1500,1.0,1.0,0,0

31 Highland Ave,"['31 Highland Ave', 'York', '03909']",2750,5.0,2.0,0,2194

"160 Holland St/ 2 Towle St, Lewiston, ME - 5 (2 Towle #5) (1)","['2 Towle St', 'Lewiston', '04240']",1350,2.0,1.0,5,0

10 Exchange St (1),"['10 Exchange St', 'Portland', '04101']",2000,0,1.0,303,305

10 Exchange St (2),"['10 Exchange St', 'Portland', '04101']",2400,1.0,1.0,304,825

10 Exchange St (3),"['10 Exchange St', 'Portland', '04101']",3250,2.0,1.0,402,945

799 Stillwater Ave (1),"['799 Stillwater Ave', 'Old Town', '04468']",1090,2.0,1.0,0,720

799 Stillwater Ave (2),"['799 Stillwater Ave', 'Old Town', '04468']",1200,3.0,2.0,0,1023

116 Old Bath Rd #1,"['116 Old Bath Rd #1', 'Brunswick', '04011']",1900,2.0,2.0,0,891

33 Westbrook St,"['33 Westbrook St', 'South Thomaston', '04858']",2000,4.0,2.0,0,2704

17.5 Hudson St,"['17.5 Hudson St', 'Bangor', '04401']",1050,1.0,1.0,0,0

900 State St,"['900 State St', 'Bangor', '04401']",3700,5.0,2.0,0,5000

21 Riverbank Court - C (1),"['21 Riverbank Ct', 'Springvale', '04083']",1950,3.0,1.0,0,1100

22 Bishop Rd APT 6,"['22 Bishop Rd APT 6', 'Poland', '04274']",1400,2.0,1.0,0,700

63 William St #1,"['63 William St #1', 'Portland', '04103']",2500,2.0,1.0,0,1100

3 Island Avenue - 302 (1),"['3 Island Ave', 'Sanford', '04073']",1875,3.0,1.0,302,850

2 Sargent St (1),"['2 Sargent St', 'Westbrook', '04092']",2000,1.0,1.0,3,0

2 Sargent St (2),"['2 Sargent St', 'Westbrook', '04092']",2300,3.0,1.0,2,0

2 Sargent St (3),"['2 Sargent St', 'Westbrook', '04092']",2300,3.0,1.0,1,0

208 Rocky Ridge Dr APT 19,"['208 Rocky Ridge Dr APT 19', 'Bangor', '04401']",1800,3.0,2.0,0,1320

11 Headwall Dr #ID1309487P,"['11 Headwall Dr #ID1309487P', 'Bridgton', '04009']",10148,4.0,2.0,0,0

237 Woodford St #12-2,"['237 Woodford St #12-2', 'Portland', '04103']",1750,1.0,1.0,0,650

19 Naomi St #ID1255632P,"['19 Naomi St #ID1255632P', 'Sebago', '04029']",19130,4.0,2.0,0,0

103 Douglas Hill Rd #ID1255674P,"['103 Douglas Hill Rd #ID1255674P', 'Sebago', '04029']",11047,3.0,2.0,0,0

19 Beach Rd #ID1255688P,"['19 Beach Rd #ID1255688P', 'Casco', '04015']",12796,3.0,2.0,0,0

65 Sebago Rd #ID1255607P,"['65 Sebago Rd #ID1255607P', 'Sebago', '04029']",15071,4.0,1.0,0,0

62 Oconnor Rd #ID1255640P,"['62 Oconnor Rd #ID1255640P', 'Casco', '04015']",6360,2.0,1.0,0,0

100 Woods Grove Ln #ID1255650P,"['100 Woods Grove Ln #ID1255650P', 'Winthrop', '04364']",13246,3.0,1.0,0,0

36 Oak Rd #ID1255619P,"['36 Oak Rd #ID1255619P', 'Sebago', '04029']",25296,7.0,3.0,0,0

12 Eagle Dr #ID1255625P,"['12 Eagle Dr #ID1255625P', 'Windham', '04062']",7111,2.0,1.0,0,0

145 Beach Rd #ID1255649P,"['145 Beach Rd #ID1255649P', 'Naples', '04055']",19668,4.0,2.0,0,0

63 Winter St #104,"['63 Winter St #104', 'Saco', '04072']",1600,2.0,1.0,0,750

2 Clover Leaf St,"['2 Clover Leaf St', 'Winthrop', '04364']",1150,2.0,1.0,0,728

Emery Court (1),"['7 Sb Emery Ct', 'Sanford', '04073']",1600,2.0,1.0,SB-102,0

44 New Rd,"['44 New Rd', 'Arundel', '04046']",2500,3.0,1.0,0,0

337 Commercial St #1,"['337 Commercial St #1', 'Rockport', '04856']",2600,4.0,2.0,0,2650

48 Leland St #2,"['48 Leland St #2', 'Portland', '04103']",2200,3.0,1.0,0,1200

46 York Woods Rd,"['46 York Woods Rd', 'South Berwick', '03908']",2850,3.0,2.0,0,1344

3 Philbrick Ln APT 3,"['3 Philbrick Ln APT 3', 'Kittery', '03904']",2300,2.0,1.0,0,0

22 16th St,"['22 16th St', 'Old Orchard Beach', '04064']",1950,3.0,1.0,0,1080

6 Church Street (1),"['6 Church St', 'Sanford', '04073']",1800,2.0,1.0,0,1200

310 Presumpscot St,"['310 Presumpscot St', 'Portland', '04103']",2975,3.0,1.0,0,1167

1015 May St,"['1015 May St', 'Veazie', '04401']",1760,2.0,1.0,0,1019

29 Pleasant Street (1),"['29 Pleasant St', 'Saco', '04072']",2150,2.0,1.0,102,850

29 Pleasant Street (2),"['29 Pleasant St', 'Saco', '04072']",2750,3.0,2.0,201,1100

29 Pleasant Street (3),"['29 Pleasant St', 'Saco', '04072']",2900,3.0,2.0,101,1200

6 Blueberry Ln #2,"['6 Blueberry Ln #2', 'Kennebunkport', '04046']",2600,2.0,1.0,0,1240

70 Angell Avenue (1),"['70 Angell Ave', 'South Portland', '04106']",2100,2.0,1.0,0,0

Cricket Knoll Apartments (1),"['197 New Gorham Rd', 'Westbrook', '04092']",1650,2.0,1.0,18,850

118 Morning St #1,"['118 Morning St #1', 'Portland', '04101']",1595,1.0,1.0,0,500

12 Spaulding St. (1),"['12 Spaulding St', 'Augusta', '04330']",1395,2.0,1.0,4,600

11 Sunshine Cir #2,"['11 Sunshine Cir #2', 'Bridgton', '04009']",1895,1.0,1.0,0,810

187 Main St #B1,"['187 Main St #B1', 'West Paris', '04289']",1350,1.0,1.0,0,700

10 Veteran Ct (1),"['10 Veteran Ct', 'Waterville', '04901']",1000,1.0,1.0,2,0

10 Veteran Ct (2),"['10 Veteran Ct', 'Waterville', '04901']",1400,3.0,1.0,1,764

537 Main St (1),"['537 Main St', ' Calais', '04619']",1295,1.0,1.0,A,700

537 Main St (2),"['537 Main St', ' Calais', '04619']",1295,1.0,1.0,3,850

537 Main St (3),"['537 Main St', ' Calais', '04619']",1295,1.0,1.0,A1,700

537 Main St (4),"['537 Main St', ' Calais', '04619']",1295,1.0,1.0,1A,700

537 Main St (5),"['537 Main St', ' Calais', '04619']",1350,1.0,1.0,1,700

3 Canal St (1),"['3 Canal St', 'Orono', '04473']",2250,3.0,1.0,3,1200

3 Canal St (2),"['3 Canal St', 'Orono', '04473']",2400,3.0,1.0,2,1200

(Undisclosed Address),"['(Undisclosed Address)', 'Orland', '04472']",3000,4.0,1.0,0,2000

(Undisclosed Address),"['(Undisclosed Address)', 'Hollis Center', '04042']",2300,2.0,1.0,0,1200

15 Wentworth Ave #15,"['15 Wentworth Ave #15', 'Newport', '04953']",1225,1.0,1.0,0,0

5 Glacier Way,"['5 Glacier Way', 'Sedgwick', '04676']",1950,3.0,2.0,0,1750

(Undisclosed Address),"['(Undisclosed Address)', 'Ellsworth', '04605']",1800,2.0,1.0,0,900

43 9th St (1),"['43 9th St', 'Auburn', '04210']",1800,2.0,1.0,3,675

43 9th St (2),"['43 9th St', 'Auburn', '04210']",1800,2.0,1.0,4,675

421 French St APT B,"['421 French St APT B', 'Bangor', '04401']",2400,2.0,1.0,0,1250

67 Elm St (1),"['67 Elm St', 'South Portland', '04106']",2600,2.0,1.0,B,700

67 Elm St (2),"['67 Elm St', 'South Portland', '04106']",2950,2.0,15.0,1,1200

18 Bower St #2,"['18 Bower St #2', 'Bangor', '04401']",1700,1.0,1.0,0,800

3 Sylvan Circuit #2,"['3 Sylvan Circuit #2', 'Cape Neddick', '03902']",2500,2.0,1.0,0,0

28 Pine Brook Dr (1),"['28 Pine Brook Dr', 'Augusta', '04330']",1900,2.0,1.0,1,1025

28 Pine Brook Dr (2),"['28 Pine Brook Dr', 'Augusta', '04330']",2400,2.0,2.0,104,1225

18 Rankin St #A,"['18 Rankin St #A', 'Springvale', '04083']",2200,2.0,1.0,0,874

11 & 13 Mentor St #1,"['11 & 13 Mentor St #1', 'Westbrook', '04092']",2200,2.0,1.0,0,1125

(Undisclosed Address),"['(Undisclosed Address)', 'Clinton', '04927']",1650,3.0,1.0,0,800

19 Allen Ave,"['19 Allen Ave', 'Lewiston', '04240']",1050,1.0,1.0,0,840

189 N High St,"['189 N High St', 'Bridgton', '04009']",3000,3.0,1.0,0,1584

75 Mountain St (1),"['75 Mountain St', 'Camden', '04843']",1700,1.0,1.0,1,650

75 Mountain St (2),"['75 Mountain St', 'Camden', '04843']",2150,2.0,1.0,2,750

51 High St #103,"['51 High St #103', 'Dexter', '04930']",1600,2.0,1.0,0,0

(Undisclosed Address),"['(Undisclosed Address)', 'Greenville', '04441']",1475,2.0,1.0,0,936

52 Marcie Way,"['52 Marcie Way', 'Ogunquit', '03907']",3400,3.0,2.0,0,1056

237 High St (1),"['237 High St', 'Portland', '04101']",2675,3.0,1.0,4,0

237 High St (2),"['237 High St', 'Portland', '04101']",2675,3.0,1.0,6,0

738 Payson Rd,"['738 Payson Rd', 'Union', '04862']",2300,3.0,1.0,0,1600

(Undisclosed Address),"['(Undisclosed Address)', 'Yarmouth', '04096']",3000,2.0,1.0,0,930

(Undisclosed Address),"['(Undisclosed Address)', 'Standish', '04084']",3400,4.0,2.0,0,1944

218 Washington Ave. (1),"['218 Washington Ave', ' Portland', '04101']",2800,1.0,1.0,408,631

218 Washington Ave. (2),"['218 Washington Ave', ' Portland', '04101']",3200,1.0,1.0,108,757

218 Washington Ave. (3),"['218 Washington Ave', ' Portland', '04101']",3500,1.0,1.0,303,833

84 Temple St (1),"['84 Temple St', 'Saco', '04072']",2750,1.0,1.0,0,600

84 Temple St (2),"['84 Temple St', 'Saco', '04072']",3300,2.0,1.0,101,1100

(Undisclosed Address),"['(Undisclosed Address)', 'Boothbay Harbor', '04538']",2450,3.0,2.0,0,990

74 3rd St APT 2,"['74 3rd St APT 2', 'Bangor', '04401']",1525,1.0,1.0,0,1100

(Undisclosed Address),"['(Undisclosed Address)', 'Westbrook', '04092']",2700,2.0,1.0,0,900

6 Hidden Greens Dr #2,"['6 Hidden Greens Dr #2', 'Saco', '04072']",2000,1.0,1.0,0,400

(Undisclosed Address),"['(Undisclosed Address)', 'Portland', '04103']",3000,1.0,1.0,0,725

4 John Lane Way,"['4 John Lane Way', 'Saco', '04072']",2000,1.0,1.0,0,750

1749 Main St (1),"['1749 Main St', 'Sanford', '04073']",1475,2.0,1.0,38,0

1749 Main St (2),"['1749 Main St', 'Sanford', '04073']",1500,2.0,1.0,99,0

5 Green St #4,"['5 Green St #4', 'Houlton', '04730']",1100,2.0,1.0,0,790

843 Lincolnville Ave,"['843 Lincolnville Ave', 'Searsmont', '04973']",1500,1.0,1.0,0,900

125 Western Ave #1,"['125 Western Ave #1', 'Waterville', '04901']",1575,3.0,1.0,0,1300

12 Sleepy Hollow Dr,"['12 Sleepy Hollow Dr', 'Holden', '04429']",1350,2.0,2.0,0,784

132 3rd St APT 2,"['132 3rd St APT 2', 'Auburn', '04210']",1750,3.0,1.0,0,0

557 Brunswick St,"['557 Brunswick St', 'Old Town', '04468']",2400,2.0,1.0,0,2000

16 Prescott St #1,"['16 Prescott St #1', 'Lewiston', '04240']",1650,3.0,1.0,0,0

83 Main St APT 4,"['83 Main St APT 4', 'Richmond', '04357']",1395,2.0,1.0,0,1200

5 Congress St,"['5 Congress St', 'Biddeford', '04005']",3000,3.0,2.0,0,1440

146 E Grand Ave #1,"['146 E Grand Ave #1', 'Old Orchard Beach', '04064']",1395,1.0,1.0,0,400

(Undisclosed Address),"['(Undisclosed Address)', 'Portland', '04102']",2575,2.0,1.0,0,1500

32 Devonshire St UNIT 1,"['32 Devonshire St UNIT 1', 'Portland', '04103']",2695,2.0,1.0,0,1000

8 Scott St,"['8 Scott St', 'Portland', '04102']",2800,2.0,1.0,0,1100

(Undisclosed Address),"['(Undisclosed Address)', 'Lewiston', '04240']",1725,3.0,1.0,0,1000

18 Moose Trl #4,"['18 Moose Trl #4', 'Manchester', '04351']",2000,1.0,1.0,0,900

252 Windsor St,"['252 Windsor St', 'Randolph', '04346']",2945,3.0,2.0,0,1965

35 Main St #13,"['35 Main St #13', 'Biddeford', '04005']",1450,1.0,1.0,0,300

7 High St (1),"['7 High St', 'Lisbon Falls', '04252']",1600,2.0,1.0,0,0

7 High St (2),"['7 High St', 'Lisbon Falls', '04252']",1900,3.0,1.0,2,0

1060 Forest Ave #2,"['1060 Forest Ave #2', 'Portland', '04103']",2900,2.0,1.0,0,1067

45 Pleasant View Ridge Rd #2,"['45 Pleasant View Ridge Rd #2', 'South China', '04358']",1700,2.0,1.0,0,0

3 Union St #202,"['3 Union St #202', 'Biddeford', '04005']",2200,3.0,1.0,0,1000

1627 Union St,"['1627 Union St', 'Bangor', '04401']",1600,2.0,1.0,0,1200

34 Winter St #B,"['34 Winter St #B', 'Topsham', '04086']",1650,2.0,1.0,0,1500

10 Hillcrest Avenue (1),,1700,1.0,1.0,2B,525

10 Hillcrest Avenue (2),,1700,1.0,1.0,2A,620

10 Hillcrest Avenue (3),,2300,4.0,1.0,1,1850

326 Long Sands Rd #B,"['326 Long Sands Rd #B', 'York', '03909']",2000,3.0,2.0,0,1176

88 Barters Point Road Ln,"['88 Barters Point Road Ln', 'Saint George', '04860']",2000,1.0,1.0,0,528

38 Howard St #1,"['38 Howard St #1', 'Presque Isle', '04769']",900,1.0,1.0,0,600

5 Harmony Ln #28,"['5 Harmony Ln #28', 'Lewiston', '04240']",1900,2.0,1.0,0,0

36 Dyke Rd,"['36 Dyke Rd', 'Kennebunkport', '04046']",1300,1.0,1.0,0,624

291 Main St,"['291 Main St', 'Eliot', '03903']",2950,2.0,1.0,0,1220

5 Pond Rd,"['5 Pond Rd', 'Lewiston', '04240']",2750,3.0,1.0,0,1176

223 Cleaves St #2B,"['223 Cleaves St #2B', 'Biddeford', '04005']",2500,2.0,1.0,0,950

46 Turner St (1),"['46 Turner St', 'Portland', '04101']",3799,2.0,1.0,2,900

46 Turner St (2),"['46 Turner St', 'Portland', '04101']",3999,2.0,1.0,1,1000

42 Lower Cross Rd #A,"['42 Lower Cross Rd #A', 'Bangor', '04401']",1400,1.0,1.0,0,960

(Undisclosed Address),"['(Undisclosed Address)', 'Rockland', '04841']",1250,,1.0,0,400

41 Meadow Farm Rd #41,"['41 Meadow Farm Rd #41', 'Bangor', '04401']",1750,2.0,1.0,0,1200

6 Imperial St (1),"['6 Imperial St', 'Old Orchard Beach', '04064']",1750,1.0,1.0,2,640

6 Imperial St (2),"['6 Imperial St', 'Old Orchard Beach', '04064']",1750,1.0,1.0,8,448

51 Maple St #D,"['51 Maple St #D', 'Lisbon Falls', '04252']",1400,2.0,1.0,0,0

77 Skyway St #1,"['77 Skyway St #1', 'Presque Isle', '04769']",1500,2.0,1.0,0,800

220 Kennebunk Rd APT 2,"['220 Kennebunk Rd APT 2', 'Alfred', '04002']",1600,1.0,1.0,0,0

4 Olde Farm Way #A,"['4 Olde Farm Way #A', 'Berwick', '03901']",2500,3.0,1.0,0,1200

352 Saint Thomas St #7,"['352 Saint Thomas St #7', 'Madawaska', '04756']",1200,2.0,1.0,0,1000

8 Swans Lndg,"['8 Swans Lndg', 'Eliot', '03903']",3100,2.0,1.0,0,1000

9 Beach Ave #1,"['9 Beach Ave #1', 'Kennebunk', '04043']",2900,2.0,2.0,0,1120

33A Water St #A,"['33A Water St #A', 'Newport', '04953']",1300,1.0,1.0,0,0

117 Main Rd #1,"['117 Main Rd #1', 'Milford', '04461']",1650,3.0,1.0,0,1400

29 Pleasant Ave #8,"['29 Pleasant Ave #8', 'Portland', '04103']",3000,2.0,1.0,0,0

68 Berwick Rd #1,"['68 Berwick Rd #1', 'Ogunquit', '03907']",1450,,1.0,0,350

1300 Atlantic Hwy,"['1300 Atlantic Hwy', 'Northport', '04849']",3400,2.0,1.0,0,1200

46 Pleasant Hill Dr,"['46 Pleasant Hill Dr', 'Waterville', '04901']",2950,3.0,2.0,0,1344

8 Lessard Ave #2,"['8 Lessard Ave #2', 'Biddeford', '04005']",2300,3.0,1.0,0,0

(Undisclosed Address),"['(Undisclosed Address)', 'Shapleigh', '04076']",2300,2.0,1.0,0,1030

8 Page St (1),"['8 Page St', 'Brunswick', '04011']",2000,2.0,1.0,3,800

8 Page St (2),"['8 Page St', 'Brunswick', '04011']",2500,3.0,1.0,0,1200

8 Page St (3),"['8 Page St', 'Brunswick', '04011']",2650,3.0,15.0,1,1400

119 Mill St #119,"['119 Mill St #119', 'Orono', '04473']",2000,2.0,1.0,0,1400

413 Hammond St APT 6,"['413 Hammond St APT 6', 'Bangor', '04401']",1600,2.0,1.0,0,850

11 Folsom Dr,"['11 Folsom Dr', 'Biddeford', '04005']",2800,4.0,1.0,0,1800

12 Washington St #302,"['12 Washington St #302', 'Biddeford', '04005']",2750,2.0,1.0,0,1000

28 Pacer Way #310,"['28 Pacer Way #310', 'Scarborough', '04074']",2700,2.0,1.0,0,1059

473 Union St,"['473 Union St', 'Bangor', '04401']",1350,1.0,1.0,0,600

1373 Post Rd #6D,"['1373 Post Rd #6D', 'Wells', '04090']",1600,2.0,2.0,0,1260

