NAME,STREET,CITY,ZIPCODE,RENT_COST,BEDROOMS,BATHROOMS,APT_NUM,SQFT
Pointe28 (1),8 Admiral Harry Rich Dr,Brunswick,04011,2050,1.0,1.0,3-103,867
Pointe28 (2),8 Admiral Harry Rich Dr,Brunswick,04011,2050,1.0,1.0,2-103,867
Pointe28 (3),8 Admiral Harry Rich Dr,Brunswick,04011,2120,1.0,1.0,1-201,728
Pointe28 (4),8 Admiral Harry Rich Dr,Brunswick,04011,2120,1.0,1.0,2-201,728
Pointe28 (5),8 Admiral Harry Rich Dr,Brunswick,04011,2130,1.0,1.0,1-301,728
Pointe28 (6),8 Admiral Harry Rich Dr,Brunswick,04011,2130,1.0,1.0,3-301,728
Pointe28 (7),8 Admiral Harry Rich Dr,Brunswick,04011,2150,1.0,1.0,1-101,728
Pointe28 (8),8 Admiral Harry Rich Dr,Brunswick,04011,2150,1.0,1.0,3-101,728
Pointe28 (9),8 Admiral Harry Rich Dr,Brunswick,04011,2370,2.0,1.5,4-203,930
Pointe28 (10),8 Admiral Harry Rich Dr,Brunswick,04011,2370,2.0,1.5,3-203,930
Pointe28 (11),8 Admiral Harry Rich Dr,Brunswick,04011,2370,2.0,1.5,2-203,930
Pointe28 (12),8 Admiral Harry Rich Dr,Brunswick,04011,2380,2.0,1.5,2-303,930
Pointe28 (13),8 Admiral Harry Rich Dr,Brunswick,04011,2380,2.0,1.5,1-303,930
Pointe28 (14),8 Admiral Harry Rich Dr,Brunswick,04011,2380,2.0,1.5,3-303,930
Pointe28 (15),8 Admiral Harry Rich Dr,Brunswick,04011,2570,2.0,1.5,4-202,1024
Haven West (1),121 Pegasus St,Brunswick,04011,1599,2.0,1.0,126-M-7,750
Haven West (2),121 Pegasus St,Brunswick,04011,1599,2.0,1.0,121-F-7,750
Haven West (3),121 Pegasus St,Brunswick,04011,1599,2.0,1.0,126-T-7,750
Haven West (4),121 Pegasus St,Brunswick,04011,1599,2.0,1.0,121-B-4,750
Haven West (5),121 Pegasus St,Brunswick,04011,1642,2.0,1.0,126-7,750
Haven West (6),121 Pegasus St,Brunswick,04011,1642,2.0,1.0,126-T-4,750
Haven West (7),121 Pegasus St,Brunswick,04011,1642,2.0,1.0,121-H-6,750
Haven West (8),121 Pegasus St,Brunswick,04011,1642,2.0,1.0,126-P-9,750
Haven West (9),121 Pegasus St,Brunswick,04011,1642,2.0,1.0,121-L-9,750
Haven West (10),121 Pegasus St,Brunswick,04011,1642,2.0,1.0,1-126-T,750
Haven West (11),121 Pegasus St,Brunswick,04011,1669,2.0,1.0,126-R-8,750
Haven West (12),121 Pegasus St,Brunswick,04011,1683,2.0,1.0,121-H-4,750
Haven West (13),121 Pegasus St,Brunswick,04011,1689,2.0,1.0,121-D-9,750
Haven West (14),121 Pegasus St,Brunswick,04011,1692,2.0,1.0,2-121-F,750
Haven West (15),121 Pegasus St,Brunswick,04011,1705,2.0,1.0,126-O-4,750
Atlantic Pointe (1),10 Townsend Ln,Brunswick,04011,2156,1.0,1.0,9-301,671
Atlantic Pointe (2),10 Townsend Ln,Brunswick,04011,2176,1.0,1.0,101,671
Atlantic Pointe (3),10 Townsend Ln,Brunswick,04011,2196,1.0,1.0,11-205,692
Atlantic Pointe (4),10 Townsend Ln,Brunswick,04011,2201,1.0,1.0,2-401,671
Atlantic Pointe (5),10 Townsend Ln,Brunswick,04011,2226,1.0,1.0,11-105,692
Atlantic Pointe (6),10 Townsend Ln,Brunswick,04011,2237,2.0,1.5,6-204,972
Atlantic Pointe (7),10 Townsend Ln,Brunswick,04011,2247,2.0,1.5,5-302,972
Atlantic Pointe (8),10 Townsend Ln,Brunswick,04011,2247,2.0,1.5,3-304,972
Atlantic Pointe (9),10 Townsend Ln,Brunswick,04011,2247,2.0,1.5,4-304,972
Atlantic Pointe (10),10 Townsend Ln,Brunswick,04011,2247,2.0,1.5,9-304,972
Atlantic Pointe (11),10 Townsend Ln,Brunswick,04011,2247,2.0,1.5,7-302,972
Atlantic Pointe (12),10 Townsend Ln,Brunswick,04011,2251,1.0,1.0,11-405,692
Atlantic Pointe (13),10 Townsend Ln,Brunswick,04011,2267,2.0,1.5,9-104,972
Atlantic Pointe (14),10 Townsend Ln,Brunswick,04011,2267,2.0,1.5,3-104,972
Atlantic Pointe (15),10 Townsend Ln,Brunswick,04011,2292,2.0,1.5,3-404,972
Cumberland Foreside Village Apartments (1),3 Chelsea Way,Cumberland Foreside,04110,2695,2.0,1.0,CF325,948
Cumberland Foreside Village Apartments (2),3 Chelsea Way,Cumberland Foreside,04110,2695,2.0,1.0,CF337,948
Cumberland Foreside Village Apartments (3),3 Chelsea Way,Cumberland Foreside,04110,2695,2.0,1.0,CF233,948
The Eddy (1),8 Eddy Ave,Biddeford,04005,1915,0,1.0,0,473
The Eddy (2),8 Eddy Ave,Biddeford,04005,1925,0,1.0,0,475
The Eddy (3),8 Eddy Ave,Biddeford,04005,1985,0,1.0,0,474
The Eddy (4),8 Eddy Ave,Biddeford,04005,2195,1.0,1.0,0,681
The Eddy (5),8 Eddy Ave,Biddeford,04005,2465,1.0,1.0,0,681
Apartments at Brunswick Landing (1),5 Captains Way,Brunswick,04011,1995,1.0,1.0,26-104,738
Apartments at Brunswick Landing (2),5 Captains Way,Brunswick,04011,2350,2.0,1.0,30-203,907
Apartments at Brunswick Landing (3),5 Captains Way,Brunswick,04011,2350,2.0,1.0,15-201,907
Apartments at Brunswick Landing (4),5 Captains Way,Brunswick,04011,2350,2.0,1.0,42-303,907
Apartments at Brunswick Landing (5),5 Captains Way,Brunswick,04011,2350,2.0,1.0,26-203,907
Apartments at Brunswick Landing (6),5 Captains Way,Brunswick,04011,2350,2.0,1.0,201,907
Apartments at Brunswick Landing (7),5 Captains Way,Brunswick,04011,2350,2.0,1.0,15-303,907
Apartments at Brunswick Landing (8),5 Captains Way,Brunswick,04011,2350,2.0,1.0,14-201,907
Apartments at Brunswick Landing (9),5 Captains Way,Brunswick,04011,2350,2.0,1.0,18-203,907
Apartments at Brunswick Landing (10),5 Captains Way,Brunswick,04011,2350,2.0,1.0,15-301,907
Apartments at Brunswick Landing (11),5 Captains Way,Brunswick,04011,2350,2.0,1.0,18-101,907
Apartments at Brunswick Landing (12),5 Captains Way,Brunswick,04011,2350,2.0,1.0,26-303,907
Foreside Estates (1),100 Clearwater Dr,Falmouth,04105,2400,2.0,1.0,1-075,858
Foreside Estates (2),100 Clearwater Dr,Falmouth,04105,2550,2.0,2.0,1-078,1476
Foreside Estates (3),100 Clearwater Dr,Falmouth,04105,2650,2.0,2.5,1-126,1216
Foreside Estates (4),100 Clearwater Dr,Falmouth,04105,2850,2.0,2.0,1-076,1476
Foreside Estates (5),100 Clearwater Dr,Falmouth,04105,2950,2.0,2.5,1_149,1216
Foreside Estates (6),100 Clearwater Dr,Falmouth,04105,3200,2.0,2.5,1-135,1216
Riverdam (1),24-28 Pearl St,Biddeford,04005,1875,1.0,1.0,202,708
Riverdam (2),24-28 Pearl St,Biddeford,04005,2095,1.0,1.0,214,725
Riverdam (3),24-28 Pearl St,Biddeford,04005,2195,1.0,1.0,113,811
Riverdam (4),24-28 Pearl St,Biddeford,04005,2255,1.0,1.0,121,821
Riverdam (5),24-28 Pearl St,Biddeford,04005,2295,1.0,1.0,107,837
Riverdam (6),24-28 Pearl St,Biddeford,04005,2395,1.0,1.5,301,741
Riverdam (7),24-28 Pearl St,Biddeford,04005,2495,1.0,1.0,305,1072
Cumberland Court (1),323 Husson Ave,Bangor,04401,1500,2.0,1.5,26,1302
Cumberland Court (2),323 Husson Ave,Bangor,04401,1650,2.0,1.5,19,1302
The Ledges (1),455 S Main St,Brewer,04412,1100,1.0,1.0,305,546
Edgelawn Duplexes (1),1-6 Edgelawn Rd,Harrington,04643,100,1.0,1.0,0,0
The Eleven (1),50 Laconia St,Biddeford,04005,1850,0,1.0,210,543
The Eleven (2),50 Laconia St,Biddeford,04005,2100,1.0,1.0,116,792
The Eleven (3),50 Laconia St,Biddeford,04005,2350,1.0,1.0,310,824
The Eleven (4),50 Laconia St,Biddeford,04005,2515,1.0,1.0,204,789
The Eleven (5),50 Laconia St,Biddeford,04005,2545,1.0,1.0,319,897
5 Brisson (1),5 Brisson St,Old Orchard Beach,04064,1795,1.0,1.0,14,320
Jonesboro Heights (1),1 Bagley Rd,Jonesboro,04648,100,1.0,1.0,0,0
Mill Stream Heights (1),20 Hillcrest Dr,Winter Harbor,04693,100,1.0,1.0,0,0
Mill Stream Heights (2),20 Hillcrest Dr,Winter Harbor,04693,100,2.0,1.0,0,0
The Exchange Building (1),27 State St,Bangor,04401,2250,1.0,1.0,604,758
The Exchange Building (2),27 State St,Bangor,04401,2250,1.0,1.0,202,700
The Exchange Building (3),27 State St,Bangor,04401,2550,1.0,1.0,203,756
Nightingale (1),144 State St,Portland,04101,1947,0,1.0,315,366
Nightingale (2),144 State St,Portland,04101,2272,1.0,1.0,413,541
Nightingale (3),144 State St,Portland,04101,2272,1.0,1.0,301,475
Nightingale (4),144 State St,Portland,04101,2272,1.0,1.0,414,453
Nightingale (5),144 State St,Portland,04101,2514,1.0,1.0,410,645
Nightingale (6),144 State St,Portland,04101,2521,1.0,1.0,408,620
Nightingale (7),144 State St,Portland,04101,2633,1.0,1.0,407,617
Nightingale (8),144 State St,Portland,04101,2719,1.0,1.0,411,661
Nightingale (9),144 State St,Portland,04101,2741,1.0,1.0,608,620
The Pilgrim (1),30 West St,Portland,04102,1650,1.0,1.0,5,450
The Pilgrim (2),30 West St,Portland,04102,1650,1.0,1.0,6,450
439 Congress Street (1),439 Congress St,Portland,04101,1140,1.0,1.0,0,232
439 Congress Street (2),439 Congress St,Portland,04101,1541,0,1.0,214,258
104 Oak St (1),104 Oak St,Portland,04101,1275,1.0,1.0,41,450
104 Oak St (2),104 Oak St,Portland,04101,1500,1.0,1.0,1,400
341 Cumberland Avenue (1),341 Cumberland Ave,Portland,04101,1606,1.0,1.0,1C,367
341 Cumberland Avenue (2),341 Cumberland Ave,Portland,04101,1663,1.0,1.0,14,519
Yarmouth Pointe Apartment Homes (1),1 Juniper Dr,Yarmouth,04096,1630,0,1.0,L013,602
Yarmouth Pointe Apartment Homes (2),1 Juniper Dr,Yarmouth,04096,1680,1.0,1.0,4601,630
Yarmouth Pointe Apartment Homes (3),1 Juniper Dr,Yarmouth,04096,1720,0,1.0,L047,602
Yarmouth Pointe Apartment Homes (4),1 Juniper Dr,Yarmouth,04096,1720,0,1.0,L055,602
Yarmouth Pointe Apartment Homes (5),1 Juniper Dr,Yarmouth,04096,1720,0,1.0,L009,602
Yarmouth Pointe Apartment Homes (6),1 Juniper Dr,Yarmouth,04096,1745,0,1.0,L043,602
Yarmouth Pointe Apartment Homes (7),1 Juniper Dr,Yarmouth,04096,1770,0,1.0,L025,602
Yarmouth Pointe Apartment Homes (8),1 Juniper Dr,Yarmouth,04096,1770,1.0,1.0,4204,630
Yarmouth Pointe Apartment Homes (9),1 Juniper Dr,Yarmouth,04096,1820,1.0,1.0,4224,750
Yarmouth Pointe Apartment Homes (10),1 Juniper Dr,Yarmouth,04096,1850,1.0,1.0,N11,600
Yarmouth Pointe Apartment Homes (11),1 Juniper Dr,Yarmouth,04096,1900,2.0,1.0,A003,735
Yarmouth Pointe Apartment Homes (12),1 Juniper Dr,Yarmouth,04096,1945,1.0,1.0,L046,830
Yarmouth Pointe Apartment Homes (13),1 Juniper Dr,Yarmouth,04096,2000,2.0,1.0,B009,920
Yarmouth Pointe Apartment Homes (14),1 Juniper Dr,Yarmouth,04096,2010,1.0,1.0,R07,800
Yarmouth Pointe Apartment Homes (15),1 Juniper Dr,Yarmouth,04096,2040,1.0,1.0,M04,800
1117 Bar Harbor Road - 8 (1),1117 Bar Harbor Rd,Trenton,04605,1200,2.0,1.0,8,0
14 Willow Street - 4 (1),14 Willow St,Old Town,04468,1070,1.0,1.0,4,0
91 Peabody Rd,91 Peabody Rd,Harpswell,04079,2850,3.0,2.0,0,1600
20 Garrison Cove Rd (1),20 Garrison Cove Rd,Bailey Island,04003,1800,1.0,1.0,B,500
20 Garrison Cove Rd (2),20 Garrison Cove Rd,Bailey Island,04003,2400,3.0,2.0,0,1500
0 Lake Rd #2,0 Lake Rd #2,Levant,04456,1900,2.0,1.0,0,0
51 Thompson St FLOOR 1,51 Thompson St FLOOR 1,Sanford,04073,1650,2.0,1.0,0,950
135 Cedar St #3,135 Cedar St #3,Bangor,04401,1500,2.0,1.0,0,1000
45 Old Greene Rd #3,45 Old Greene Rd #3,Lewiston,04240,1500,2.0,1.0,0,900
31 Saint Marys St APT 2,31 Saint Marys St APT 2,Biddeford,04005,2200,3.0,1.0,0,1240
(Undisclosed Address),(Undisclosed Address),Scarborough,04074,2800,2.0,1.0,0,1104
45 Gamage Ave #1,45 Gamage Ave #1,Auburn,04210,1550,2.0,1.0,0,1000
167 Barton Rd UNIT 2,167 Barton Rd UNIT 2,Windsor,04363,2200,2.0,1.0,0,920
111 Bradley St APT 16,111 Bradley St APT 16,Saco,04072,2375,2.0,1.0,0,1214
51 Frederic St #1,51 Frederic St #1,Portland,04102,4000,3.0,1.0,0,1569
73 Kennedy Memorial Dr (1),73 Kennedy Memorial Dr,Waterville,04901,975,2.0,1.0,4,790
73 Kennedy Memorial Dr (2),73 Kennedy Memorial Dr,Waterville,04901,1025,2.0,1.0,5,790
141 Spring St #2,141 Spring St #2,Portland,04101,2350,1.0,1.0,0,1000
42 Bridge St #A,42 Bridge St #A,Topsham,04086,1900,2.0,1.0,0,1250
76 South St #A,76 South St #A,Gorham,04038,3000,3.0,2.0,0,2000
3 Pond Rd #A,3 Pond Rd #A,Newcastle,04553,3700,3.0,2.0,0,2280
(Undisclosed Address),(Undisclosed Address),Bremen,04551,2800,3.0,2.0,0,2200
33 George St #201,33 George St #201,Biddeford,04005,1950,3.0,1.0,0,975
33 Elmwood St,33 Elmwood St,Portland,04103,2300,2.0,1.0,0,1000
166 Massachusetts Ave APT 2,166 Massachusetts Ave APT 2,Portland,04102,2600,2.0,1.0,0,1900
553 Sawyer St,553 Sawyer St,South Portland,04106,2895,2.0,1.0,0,1512
593 Main St APT 1,593 Main St APT 1,Westbrook,04092,1700,1.0,1.0,0,550
326 Main St #1,326 Main St #1,Westbrook,04092,3345,3.0,1.0,0,1784
43 N Perley Brook Rd,43 N Perley Brook Rd,Fort Kent,04743,1399,4.0,1.0,0,1024
(Undisclosed Address),(Undisclosed Address),Madawaska,04756,850,1.0,1.0,0,600
94 Graham St APT 301,94 Graham St APT 301,Biddeford,04005,2300,4.0,2.0,0,1300
49 Park St (1),49 Park St,Camden,04843,1975,1.0,1.0,3,900
49 Park St (2),49 Park St,Camden,04843,2100,2.0,1.0,5,1200
71 Atlantic Ave,71 Atlantic Ave,Old Orchard Beach,04064,1980,2.0,1.0,0,1313
59 W River Rd,59 W River Rd,Waterville,04901,2500,4.0,2.0,0,2400
23-25 Deerfield Rd #2,23-25 Deerfield Rd #2,Portland,04101,3200,2.0,2.0,0,1400
23 Pearl St #2,23 Pearl St #2,Lewiston,04240,1900,3.0,1.0,0,0
49 Westminster Ave APT 3,49 Westminster Ave APT 3,Portland,04103,2650,2.0,1.0,0,1000
255 Main St #1,255 Main St #1,Old Town,04468,1375,2.0,1.0,0,0
31 Kelley St,31 Kelley St,South Portland,04106,3000,3.0,2.0,0,1363
52 State St (1),52 State St,Portland,04101,1995,1.0,1.0,2,900
52 State St (2),52 State St,Portland,04101,1995,1.0,1.0,3,0
2 Hemlock Hill Rd,2 Hemlock Hill Rd,Cape Elizabeth,04107,3500,3.0,2.0,0,2262
218 Eastern Promenade APT 6,218 Eastern Promenade APT 6,Portland,04101,3995,2.0,2.0,0,0
6 Grist Mill Rd (1),6 Grist Mill Rd,Franklin,04634,1000,2.0,1.0,2,0
6 Grist Mill Rd (2),6 Grist Mill Rd,Franklin,04634,1500,1.0,1.0,0,0
3 1/2 Grant St,3 1/2 Grant St,Portland,04101,2500,1.0,1.0,0,1000
1 Boisvert St (1),1 Boisvert St,Old Orchard Beach,04064,1700,1.0,1.0,8,785
6 Little River Rd,6 Little River Rd,Old Orchard Beach,04064,2500,3.0,2.0,0,1763
6 Proulx Ct #B,6 Proulx Ct #B,Springvale,04083,1900,3.0,2.0,0,1150
156 Woodford St (1),156 Woodford St,Portland,04103,1900,1.0,1.0,1,483
156 Woodford St (2),156 Woodford St,Portland,04103,2500,2.0,1.0,4,758
8 Little River Rd,8 Little River Rd,Old Orchard Beach,04064,2500,3.0,2.0,0,1775
47 Pheasant Hill Trailer Park,47 Pheasant Hill Trailer Park,Milford,04461,1225,3.0,1.0,0,980
236 Mount Hope Ave,236 Mount Hope Ave,Bangor,04401,1500,2.0,1.0,0,0
45 Longfellow Dr,45 Longfellow Dr,Cape Elizabeth,04107,2500,3.0,1.0,0,1100
2 Tucker Ln,2 Tucker Ln,Cape Elizabeth,04107,5000,3.0,3.0,0,1800
10 Little River Rd,10 Little River Rd,Old Orchard Beach,04064,2500,4.0,2.0,0,2160
60 Pool St #1,60 Pool St #1,Biddeford,04005,1975,2.0,1.0,0,0
Lakewood Commons- 5 Progress Way (1),5 Progress Way,Bridgton,04009,1295,1.0,1.0,1,593
Lakewood Commons- 5 Progress Way (2),5 Progress Way,Bridgton,04009,1495,2.0,1.0,10,843
9 Kennard Rd,9 Kennard Rd,Windham,04062,1999,2.0,1.0,0,1292
7 Virdap St,7 Virdap St,Scarborough,04074,4300,3.0,1.0,0,2500
33 Westbrook St,33 Westbrook St,South Thomaston,04858,2000,4.0,2.0,0,2704
10 Exchange St (1),10 Exchange St,Portland,04101,2000,0,1.0,303,305
10 Exchange St (2),10 Exchange St,Portland,04101,2400,1.0,1.0,304,825
10 Exchange St (3),10 Exchange St,Portland,04101,3250,2.0,1.0,402,945
142 Park Ave APT 10,142 Park Ave APT 10,Portland,04101,1800,2.0,1.0,0,650
22 Bishop Rd APT 6,22 Bishop Rd APT 6,Poland,04274,1400,2.0,1.0,0,700
3 Island Avenue - 302 (1),3 Island Ave,Sanford,04073,1875,3.0,1.0,302,850
208 Rocky Ridge Dr APT 19,208 Rocky Ridge Dr APT 19,Bangor,04401,1800,3.0,2.0,0,1320
11 Headwall Dr #ID1309487P,11 Headwall Dr #ID1309487P,Bridgton,04009,10144,4.0,2.0,0,0
2 Sargent St (1),2 Sargent St,Westbrook,04092,2000,1.0,1.0,3,0
2 Sargent St (2),2 Sargent St,Westbrook,04092,2300,3.0,1.0,2,0
2 Sargent St (3),2 Sargent St,Westbrook,04092,2300,3.0,1.0,1,0
32 Emerson Mill Rd APT 6,32 Emerson Mill Rd APT 6,Hampden,04444,1825,2.0,1.0,0,1680
503 Cumberland Ave APT 6,503 Cumberland Ave APT 6,Portland,04101,1700,1.0,1.0,0,419
237 Woodford St #12-2,237 Woodford St #12-2,Portland,04103,1750,1.0,1.0,0,650
7 Jeremy Dr #ID1255689P,7 Jeremy Dr #ID1255689P,Standish,04084,11893,3.0,2.0,0,0
10 Crescent Shore Dr #ID1255628P,10 Crescent Shore Dr #ID1255628P,Standish,04084,8133,2.0,1.0,0,0
613 Peabody Pond Rd #ID1255629P,613 Peabody Pond Rd #ID1255629P,Sebago,04029,11452,2.0,1.0,0,0
73 Sebago Rd #ID1255714P,73 Sebago Rd #ID1255714P,Sebago,04029,18152,4.0,1.0,0,0
9 Cross St #ID1255687P,9 Cross St #ID1255687P,Sebago,04029,15554,3.0,1.0,0,0
27 Smooth Ledge Rd #ID1255708P,27 Smooth Ledge Rd #ID1255708P,Standish,04084,12793,1.0,1.0,0,0
269 1/2 French St,269 1/2 French St,Bangor,04401,1600,3.0,2.0,0,0
19 Pond View Rd,19 Pond View Rd,Winthrop,04364,1640,4.0,2.0,0,1656
42 Hampshire St,42 Hampshire St,Portland,04101,1995,2.0,1.0,0,0
254 East Ave FLOOR 12,254 East Ave FLOOR 12,Lewiston,04240,1275,2.0,1.0,0,0
8 Elizabeth Ave APT 2,8 Elizabeth Ave APT 2,Bangor,04401,1800,2.0,1.0,0,0
287 Greely Rd,287 Greely Rd,Cumberland,04021,3395,4.0,2.0,0,1342
71 Green St (1),71 Green St,Biddeford,04005,1900,1.0,1.0,3,550
575 Main St APT 2,575 Main St APT 2,Bangor,04401,1325,2.0,1.0,0,0
115 Clark St #1,115 Clark St #1,Portland,04102,2825,2.0,1.0,0,0
16 Kendall St,16 Kendall St,Augusta,04330,1650,3.0,1.0,0,1100
219 Carrabassett Rd,219 Carrabassett Rd,New Portland,04961,2600,4.0,3.0,0,2100
216 E Grand Ave,216 E Grand Ave,Old Orchard Beach,04064,2200,3.0,1.0,0,1056
16 Lumberjack Dr #2,16 Lumberjack Dr #2,Naples,04055,1995,2.0,1.0,0,1120
7 Howe St (1),7 Howe St,Lewiston,04240,1500,2.0,1.0,1,0
7 Howe St (2),7 Howe St,Lewiston,04240,1690,3.0,1.0,2,0
40 Front St #40,40 Front St #40,South Berwick,03908,1695,1.0,1.0,0,1100
20 Wentworth St #201,20 Wentworth St #201,Biddeford,04005,2250,3.0,1.0,0,1500
15 Freeman St #3,15 Freeman St #3,Biddeford,04005,2500,4.0,1.0,0,1500
25 Oak St #G,25 Oak St #G,Rockland,04841,1500,1.0,1.0,0,550
3 Walker St #3,3 Walker St #3,Kittery,03904,3250,2.0,2.0,0,1200
148 S Kelsey St #2,148 S Kelsey St #2,South Portland,04106,1650,1.0,1.0,0,0
11 Green St #1,11 Green St #1,Winthrop,04364,1650,2.0,1.0,0,1400
6 Graham St,6 Graham St,Biddeford,04005,2500,3.0,1.0,0,2240
(Undisclosed Address),(Undisclosed Address),Portland,04103,2750,2.0,1.0,0,0
66 Watkins Shores Rd,66 Watkins Shores Rd,Casco,04015,2800,3.0,2.0,0,0
(Undisclosed Address),(Undisclosed Address),Biddeford,04005,1950,1.0,1.0,0,900
7 Spring St (1),7 Spring St,Mechanic Falls,04256,675,0,1.0,6,211
7 Spring St (2),7 Spring St,Mechanic Falls,04256,1395,2.0,15.0,2,0
187 Main St #B1,187 Main St #B1,West Paris,04289,1350,1.0,1.0,0,700
287 Spring St APT 5,287 Spring St APT 5,Portland,04102,2800,1.0,1.0,0,550
56 Beechland Rd APT 2,56 Beechland Rd APT 2,Ellsworth,04605,1499,2.0,1.0,0,1000
2 Oak Knoll Rd,2 Oak Knoll Rd,Cape Elizabeth,04107,2300,0.0,1.0,0,450
34 Oak St #1,34 Oak St #1,Augusta,04330,1400,1.0,1.0,0,1200
(Undisclosed Address),(Undisclosed Address),Ellsworth,04605,1600,1.0,1.0,0,1000
16 Black Smith Rd (1),16 Black Smith Rd,Wells,04090,3300,3.0,25.0,0,3000
16 Black Smith Rd (2),16 Black Smith Rd,Wells,04090,3300,3.0,25.0,A,3000
38 Pleasant St #2,38 Pleasant St #2,Rockland,04841,1345,1.0,1.0,0,575
139 Daigle Dr,139 Daigle Dr,Bangor,04401,2400,3.0,2.0,0,2400
(Undisclosed Address),(Undisclosed Address),Scarborough,04074,2000,1.0,1.0,0,1000
(Undisclosed Address),(Undisclosed Address),Hollis Center,04042,2300,2.0,1.0,0,1200
8 Kossuth St #202,8 Kossuth St #202,Biddeford,04005,1600,1.0,1.0,0,650
657 Maine Ave (1),657 Maine Ave,Farmingdale,04344,1700,1.0,1.0,2,740
657 Maine Ave (2),657 Maine Ave,Farmingdale,04344,1700,1.0,1.0,1,740
657 Maine Ave (3),657 Maine Ave,Farmingdale,04344,2600,1.0,1.0,3,1000
1 York St (1),1 York St,Old Orchard Beach,04064,1500,1.0,1.0,Y1,0
1 York St (2),1 York St,Old Orchard Beach,04064,1600,3.0,1.0,27,0
1 York St (3),1 York St,Old Orchard Beach,04064,1800,2.0,1.0,0,0
1 York St (4),1 York St,Old Orchard Beach,04064,2000,3.0,2.0,EG-6,0
1 York St (5),1 York St,Old Orchard Beach,04064,2000,3.0,2.0,EG5,0
15 King St #1,15 King St #1,Norway,04268,1600,3.0,1.0,0,1050
62 North Rd,62 North Rd,Bridgton,04009,3000,3.0,2.0,0,1700
28 Pine Brook Dr (1),28 Pine Brook Dr,Augusta,04330,1900,2.0,1.0,1,1025
28 Pine Brook Dr (2),28 Pine Brook Dr,Augusta,04330,2400,2.0,2.0,104,1225
35 Cumberland St (1),35 Cumberland St,Brunswick,04011,2575,2.0,1.0,3,1300
35 Cumberland St (2),35 Cumberland St,Brunswick,04011,2750,3.0,1.0,1,1250
65 E Grand Ave (1),65 E Grand Ave,Old Orchard Beach,04064,1625,2.0,1.0,101,500
65 E Grand Ave (2),65 E Grand Ave,Old Orchard Beach,04064,1675,2.0,1.0,102,500
768 Main St,768 Main St,Saint Agatha,04772,2000,3.0,1.0,0,1200
63 Main St #1,63 Main St #1,Lisbon Falls,04252,2700,4.0,2.0,0,1100
41 Main St #A,41 Main St #A,Topsham,04086,1872,1.0,1.0,0,765
93 Main St #3,93 Main St #3,Sangerville,04479,1300,2.0,1.0,0,800
116 Walnut St #4,116 Walnut St #4,Lewiston,04240,1950,4.0,2.0,0,1700
(Undisclosed Address),(Undisclosed Address),Freeport,04032,3400,3.0,3.0,0,1756
4 June St #2,4 June St #2,Sanford,04073,2500,3.0,1.0,0,1440
(Undisclosed Address),(Undisclosed Address),Biddeford,04005,3050,4.0,1.0,0,1900
18 Melvin Ave #B,18 Melvin Ave #B,Old Orchard Beach,04064,2400,3.0,1.0,0,1500
(Undisclosed Address),(Undisclosed Address),Bath,04530,2000,3.0,2.0,0,1900
69 Shadagee Rd #1,69 Shadagee Rd #1,Saco,04072,2200,2.0,1.0,0,0
(Undisclosed Address),(Undisclosed Address),Standish,04084,3400,4.0,2.0,0,1944
486 Main Rd #1,486 Main Rd #1,Bridgewater,04735,950,2.0,1.0,0,0
46 Knox St (1),46 Knox St,Lewiston,04240,1500,3.0,1.0,4,705
46 Knox St (2),46 Knox St,Lewiston,04240,1600,3.0,1.0,2,705
14 Balsam Ln,14 Balsam Ln,Naples,04055,2650,3.0,1.0,0,1200
28 Sanjoy Ln,28 Sanjoy Ln,Harpswell,04079,4250,4.0,3.0,0,3366
12 Laurier St APT 1,12 Laurier St APT 1,Lewiston,04240,2250,4.0,2.0,0,0
313 State St APT 4,313 State St APT 4,Bangor,04401,1450,2.0,1.0,0,1200
74 3rd St APT 2,74 3rd St APT 2,Bangor,04401,1525,1.0,1.0,0,1100
254 S Main St #2,254 S Main St #2,Auburn,04210,1850,2.0,1.0,0,900
4 Odessa Ave (1),4 Odessa Ave,Old Orchard Beach,04064,2400,3.0,15.0,B,912
4 Odessa Ave (2),4 Odessa Ave,Old Orchard Beach,04064,2550,3.0,15.0,A,912
163 Warren St #2,163 Warren St #2,Bangor,04401,1250,2.0,1.0,0,350
35 Bucksport Rd APT 4,35 Bucksport Rd APT 4,Ellsworth,04605,1499,1.0,1.0,0,1000
192 Mount Vernon Ave #1,192 Mount Vernon Ave #1,Augusta,04330,1575,2.0,1.0,0,900
3 Macmillan Dr,3 Macmillan Dr,Orono,04473,1650,2.0,1.0,0,1500
179 Congress St (1),179 Congress St,Portland,04101,2450,2.0,1.0,3,1000
179 Congress St (2),179 Congress St,Portland,04101,3000,2.0,1.0,2,1100
1 Flagg St #3,1 Flagg St #3,Augusta,04330,1575,2.0,1.0,0,1200
128-130 Hammond Street (1),128 Hammond St,Bangor,04401,1400,1.0,1.0,1,750
128-130 Hammond Street (2),128 Hammond St,Bangor,04401,1400,1.0,1.0,8,750
128-130 Hammond Street (3),128 Hammond St,Bangor,04401,1400,1.0,1.0,13,1000
72 Center Street Ave #4,72 Center Street Ave #4,Bangor,04401,1475,2.0,1.0,0,1400
18 Mariners Reach,18 Mariners Reach,Sullivan,04664,1800,2.0,1.0,0,1723
161 Saco Ave (1),161 Saco Ave,Old Orchard Beach,04064,1975,2.0,2.0,0,1100
161 Saco Ave (2),161 Saco Ave,Old Orchard Beach,04064,2250,2.0,2.0,0,1100
6 Winter St #2,6 Winter St #2,Houlton,04730,1200,2.0,1.0,0,1000
340 Water St,340 Water St,Hallowell,04347,1600,1.0,1.0,0,1000
5 Hackett Rd #2,5 Hackett Rd #2,Winterport,04496,1650,2.0,1.0,0,750
321 Christian Hill Rd,321 Christian Hill Rd,Lovell,04051,1800,2.0,1.0,0,625
5 Atlantic Ave,5 Atlantic Ave,Stonington,04681,1900,2.0,2.0,0,1850
938 Bridgton Rd #1,938 Bridgton Rd #1,Westbrook,04092,2600,3.0,2.0,0,1400
10 Hillcrest Avenue (1),NONE,NONE,NONE,1700,1.0,1.0,2B,525
10 Hillcrest Avenue (2),NONE,NONE,NONE,1700,1.0,1.0,2A,620
10 Hillcrest Avenue (3),NONE,NONE,NONE,2300,4.0,1.0,1,1850
111 Main St #1,111 Main St #1,East Millinocket,04430,1100,2.0,1.0,0,0
267 Montieth Rd,267 Montieth Rd,Bridgewater,04735,2800,3.0,1.0,0,0
34 Winter St #B,34 Winter St #B,Topsham,04086,1650,2.0,1.0,0,1500
17 Walter St APT 2,17 Walter St APT 2,Bangor,04401,1075,1.0,1.0,0,600
15 Lincoln St (1),15 Lincoln St,Brunswick,04011,1800,1.0,1.0,3,750
15 Lincoln St (2),15 Lincoln St,Brunswick,04011,2200,2.0,1.0,2,850
28 Miller Ave #2,28 Miller Ave #2,Biddeford,04005,2350,3.0,1.0,0,1200
340 State St,340 State St,Bangor,04401,4200,6.0,2.0,0,2577
9 Pleasant Wood Dr #202,9 Pleasant Wood Dr #202,Augusta,04330,1875,2.0,1.0,0,1025
2959 Us Highway 2,2959 Us Highway 2,Bangor,04401,2300,3.0,2.0,0,0
1627 Union St,1627 Union St,Bangor,04401,1600,2.0,1.0,0,1200
1473 Us Route 1 #2,1473 Us Route 1 #2,Freeport,04032,2900,3.0,2.0,0,1000
6 Webbs Mills Rd #2,6 Webbs Mills Rd #2,Casco,04015,2000,2.0,1.0,0,850
47 Glenridge,47 Glenridge,Portland,04102,3000,2.0,1.0,0,0
28 Veranda St #1,28 Veranda St #1,Portland,04103,2200,2.0,1.0,0,0
2 New Gorham Rd APT 2,2 New Gorham Rd APT 2,Westbrook,04092,2800,3.0,2.0,0,1278
44 North St #2,44 North St #2,Westbrook,04092,2800,3.0,1.0,0,1200
20 Pine St #1,20 Pine St #1,Portland,04102,2700,2.0,1.0,0,850
19 Mill Commons Dr,19 Mill Commons Dr,Scarborough,04074,4000,2.0,2.0,0,1563
(Undisclosed Address),(Undisclosed Address),Lewiston,04240,1600,2.0,2.0,0,1200
3 Pinette Ave,3 Pinette Ave,Biddeford,04005,1800,2.0,1.0,0,850
(Undisclosed Address),(Undisclosed Address),Ellsworth,04605,1800,2.0,1.0,0,900
326 Long Sands Rd #B,326 Long Sands Rd #B,York,03909,2000,3.0,2.0,0,1176
114 Howe St APT 4,114 Howe St APT 4,Lewiston,04240,1400,3.0,1.0,0,1500
72 Sabattus St APT 10,72 Sabattus St APT 10,Lewiston,04240,1030,1.0,1.0,0,0
11 James St,11 James St,Rockland,04841,2500,2.0,1.0,0,1200
109 Oak Hill Rd,109 Oak Hill Rd,Auburn,04210,2767,4.0,3.0,0,1551
9 Beach Ave #1,9 Beach Ave #1,Kennebunk,04043,2800,2.0,2.0,0,1120
352 Saint Thomas St #7,352 Saint Thomas St #7,Madawaska,04756,1200,2.0,1.0,0,1000
8 Page St (1),8 Page St,Brunswick,04011,2000,2.0,1.0,3,800
8 Page St (2),8 Page St,Brunswick,04011,2500,3.0,1.0,0,1200
8 Page St (3),8 Page St,Brunswick,04011,2650,3.0,15.0,1,1400
3 Page St #3,3 Page St #3,Bath,04530,1200,1.0,1.0,0,550
121 Middle St APT 2,121 Middle St APT 2,Farmington,04938,2000,4.0,1.0,0,0
42 Spruce St #1,42 Spruce St #1,Sanford,04073,1325,1.0,1.0,0,0
206 Maple St #206,206 Maple St #206,Bangor,04401,2800,2.0,1.0,0,1821
20 Seacliff Ave #1,20 Seacliff Ave #1,Old Orchard Beach,04064,2500,2.0,1.0,0,1100
(Undisclosed Address),(Undisclosed Address),Shapleigh,04076,2300,2.0,1.0,0,1030
303 McCard Rd,303 McCard Rd,Corinth,04427,1800,2.0,1.0,0,0
21 Mill Rd #2,21 Mill Rd #2,Falmouth,04105,2000,1.0,1.0,0,500
